cell_key,architecture,target_epsilon,achieved_epsilon,seed,auprc,auroc,false_negative_rate,f1,precision,recall,wall_clock_s,dataset_sha256,history
DPLSTM_eps_inf_seed_42,DPLSTM,inf,inf,42,0.5089,0.8242,0.4091,0.4333,0.3421,0.5909,8.11,2fea8fe1c9e9378684676c3ea46619d1c77403e8a7a4ead2754323d69c0f2242,"[{'round': 1, 'mean_train_loss': 0.9037, 'test_auprc': 0.5533, 'test_auroc': 0.8615, 'test_fnr': 0.1364, 'test_f1': 0.5547, 'achieved_epsilon': None}, {'round': 2, 'mean_train_loss': 0.6474, 'test_auprc': 0.7274, 'test_auroc': 0.9023, 'test_fnr': 0.1364, 'test_f1': 0.8261, 'achieved_epsilon': None}, {'round': 3, 'mean_train_loss': 0.5426, 'test_auprc': 0.7366, 'test_auroc': 0.9213, 'test_fnr': 0.1364, 'test_f1': 0.7917, 'achieved_epsilon': None}, {'round': 4, 'mean_train_loss': 0.4481, 'test_auprc': 0.7413, 'test_auroc': 0.9267, 'test_fnr': 0.1364, 'test_f1': 0.7451, 'achieved_epsilon': None}, {'round': 5, 'mean_train_loss': 0.4287, 'test_auprc': 0.6997, 'test_auroc': 0.9183, 'test_fnr': 0.0682, 'test_f1': 0.6406, 'achieved_epsilon': None}, {'round': 6, 'mean_train_loss': 0.374, 'test_auprc': 0.6158, 'test_auroc': 0.8924, 'test_fnr': 0.0682, 'test_f1': 0.5899, 'achieved_epsilon': None}, {'round': 7, 'mean_train_loss': 0.3748, 'test_auprc': 0.614, 'test_auroc': 0.8877, 'test_fnr': 0.0682, 'test_f1': 0.5616, 'achieved_epsilon': None}, {'round': 8, 'mean_train_loss': 0.3585, 'test_auprc': 0.6065, 'test_auroc': 0.8818, 'test_fnr': 0.0682, 'test_f1': 0.5694, 'achieved_epsilon': None}, {'round': 9, 'mean_train_loss': 0.337, 'test_auprc': 0.5764, 'test_auroc': 0.8718, 'test_fnr': 0.1591, 'test_f1': 0.5362, 'achieved_epsilon': None}, {'round': 10, 'mean_train_loss': 0.3004, 'test_auprc': 0.6113, 'test_auroc': 0.8809, 'test_fnr': 0.1364, 'test_f1': 0.5352, 'achieved_epsilon': None}, {'round': 11, 'mean_train_loss': 0.314, 'test_auprc': 0.632, 'test_auroc': 0.8899, 'test_fnr': 0.0682, 'test_f1': 0.5942, 'achieved_epsilon': None}, {'round': 12, 'mean_train_loss': 0.3343, 'test_auprc': 0.6926, 'test_auroc': 0.912, 'test_fnr': 0.0682, 'test_f1': 0.656, 'achieved_epsilon': None}, {'round': 13, 'mean_train_loss': 0.2913, 'test_auprc': 0.6016, 'test_auroc': 0.871, 'test_fnr': 0.2045, 'test_f1': 0.5263, 'achieved_epsilon': None}, {'round': 14, 'mean_train_loss': 0.2934, 'test_auprc': 0.5345, 'test_auroc': 0.8476, 'test_fnr': 0.3409, 'test_f1': 0.4462, 'achieved_epsilon': None}, {'round': 15, 'mean_train_loss': 0.2657, 'test_auprc': 0.5402, 'test_auroc': 0.8616, 'test_fnr': 0.2727, 'test_f1': 0.5203, 'achieved_epsilon': None}, {'round': 16, 'mean_train_loss': 0.2457, 'test_auprc': 0.6063, 'test_auroc': 0.873, 'test_fnr': 0.2273, 'test_f1': 0.5037, 'achieved_epsilon': None}, {'round': 17, 'mean_train_loss': 0.2258, 'test_auprc': 0.6382, 'test_auroc': 0.8844, 'test_fnr': 0.2273, 'test_f1': 0.544, 'achieved_epsilon': None}, {'round': 18, 'mean_train_loss': 0.2072, 'test_auprc': 0.5822, 'test_auroc': 0.8533, 'test_fnr': 0.3182, 'test_f1': 0.4878, 'achieved_epsilon': None}, {'round': 19, 'mean_train_loss': 0.1913, 'test_auprc': 0.5608, 'test_auroc': 0.8394, 'test_fnr': 0.3636, 'test_f1': 0.4516, 'achieved_epsilon': None}, {'round': 20, 'mean_train_loss': 0.2223, 'test_auprc': 0.5089, 'test_auroc': 0.8242, 'test_fnr': 0.4091, 'test_f1': 0.4333, 'achieved_epsilon': None}]"
DPLSTM_eps_8.0_seed_42,DPLSTM,8.0,6.9821,42,0.6454,0.8848,0.3409,0.6304,0.6042,0.6591,43.64,2fea8fe1c9e9378684676c3ea46619d1c77403e8a7a4ead2754323d69c0f2242,"[{'round': 1, 'mean_train_loss': 0.9876, 'test_auprc': 0.2096, 'test_auroc': 0.6254, 'test_fnr': 0.4318, 'test_f1': 0.3145, 'achieved_epsilon': np.float64(1.4002)}, {'round': 2, 'mean_train_loss': 0.9675, 'test_auprc': 0.559, 'test_auroc': 0.852, 'test_fnr': 0.2045, 'test_f1': 0.6731, 'achieved_epsilon': np.float64(1.9637)}, {'round': 3, 'mean_train_loss': 0.9311, 'test_auprc': 0.6854, 'test_auroc': 0.8713, 'test_fnr': 0.2045, 'test_f1': 0.7778, 'achieved_epsilon': np.float64(2.4308)}, {'round': 4, 'mean_train_loss': 0.9515, 'test_auprc': 0.7218, 'test_auroc': 0.8874, 'test_fnr': 0.1364, 'test_f1': 0.76, 'achieved_epsilon': np.float64(2.8351)}, {'round': 5, 'mean_train_loss': 1.0832, 'test_auprc': 0.7185, 'test_auroc': 0.8936, 'test_fnr': 0.3409, 'test_f1': 0.7073, 'achieved_epsilon': np.float64(3.199)}, {'round': 6, 'mean_train_loss': 1.2373, 'test_auprc': 0.6997, 'test_auroc': 0.8909, 'test_fnr': 0.9773, 'test_f1': 0.0444, 'achieved_epsilon': np.float64(3.5341)}, {'round': 7, 'mean_train_loss': 1.2486, 'test_auprc': 0.6778, 'test_auroc': 0.8875, 'test_fnr': 1.0, 'test_f1': 0.0, 'achieved_epsilon': np.float64(3.8472)}, {'round': 8, 'mean_train_loss': 1.297, 'test_auprc': 0.6867, 'test_auroc': 0.8888, 'test_fnr': 0.8636, 'test_f1': 0.2353, 'achieved_epsilon': np.float64(4.143)}, {'round': 9, 'mean_train_loss': 1.2731, 'test_auprc': 0.6925, 'test_auroc': 0.892, 'test_fnr': 0.7727, 'test_f1': 0.3448, 'achieved_epsilon': np.float64(4.4244)}, {'round': 10, 'mean_train_loss': 1.2543, 'test_auprc': 0.6865, 'test_auroc': 0.893, 'test_fnr': 0.7045, 'test_f1': 0.4194, 'achieved_epsilon': np.float64(4.6939)}, {'round': 11, 'mean_train_loss': 1.2716, 'test_auprc': 0.686, 'test_auroc': 0.8927, 'test_fnr': 0.5682, 'test_f1': 0.5507, 'achieved_epsilon': np.float64(4.9531)}, {'round': 12, 'mean_train_loss': 1.2997, 'test_auprc': 0.6849, 'test_auroc': 0.8913, 'test_fnr': 0.5, 'test_f1': 0.6111, 'achieved_epsilon': np.float64(5.2034)}, {'round': 13, 'mean_train_loss': 1.2624, 'test_auprc': 0.6823, 'test_auroc': 0.8907, 'test_fnr': 0.4773, 'test_f1': 0.6301, 'achieved_epsilon': np.float64(5.4459)}, {'round': 14, 'mean_train_loss': 1.2414, 'test_auprc': 0.6686, 'test_auroc': 0.8881, 'test_fnr': 0.4318, 'test_f1': 0.6667, 'achieved_epsilon': np.float64(5.6814)}, {'round': 15, 'mean_train_loss': 1.239, 'test_auprc': 0.6507, 'test_auroc': 0.8844, 'test_fnr': 0.3864, 'test_f1': 0.6136, 'achieved_epsilon': np.float64(5.9107)}, {'round': 16, 'mean_train_loss': 1.2713, 'test_auprc': 0.6462, 'test_auroc': 0.883, 'test_fnr': 0.3409, 'test_f1': 0.6374, 'achieved_epsilon': np.float64(6.1344)}, {'round': 17, 'mean_train_loss': 1.2154, 'test_auprc': 0.649, 'test_auroc': 0.8853, 'test_fnr': 0.3409, 'test_f1': 0.6374, 'achieved_epsilon': np.float64(6.353)}, {'round': 18, 'mean_train_loss': 1.1386, 'test_auprc': 0.657, 'test_auroc': 0.8872, 'test_fnr': 0.3409, 'test_f1': 0.6374, 'achieved_epsilon': np.float64(6.5669)}, {'round': 19, 'mean_train_loss': 1.229, 'test_auprc': 0.649, 'test_auroc': 0.8849, 'test_fnr': 0.3409, 'test_f1': 0.6374, 'achieved_epsilon': np.float64(6.7765)}, {'round': 20, 'mean_train_loss': 1.2948, 'test_auprc': 0.6454, 'test_auroc': 0.8848, 'test_fnr': 0.3409, 'test_f1': 0.6304, 'achieved_epsilon': np.float64(6.9821)}]"
DPLSTM_eps_4.0_seed_42,DPLSTM,4.0,3.4866,42,0.6587,0.8841,0.5455,0.5714,0.7692,0.4545,44.29,2fea8fe1c9e9378684676c3ea46619d1c77403e8a7a4ead2754323d69c0f2242,"[{'round': 1, 'mean_train_loss': 0.9875, 'test_auprc': 0.1283, 'test_auroc': 0.4643, 'test_fnr': 0.0227, 'test_f1': 0.2867, 'achieved_epsilon': np.float64(0.6967)}, {'round': 2, 'mean_train_loss': 0.9707, 'test_auprc': 0.2798, 'test_auroc': 0.6931, 'test_fnr': 0.5, 'test_f1': 0.3894, 'achieved_epsilon': np.float64(0.9986)}, {'round': 3, 'mean_train_loss': 0.9289, 'test_auprc': 0.5123, 'test_auroc': 0.8355, 'test_fnr': 0.2955, 'test_f1': 0.6327, 'achieved_epsilon': np.float64(1.237)}, {'round': 4, 'mean_train_loss': 0.915, 'test_auprc': 0.6493, 'test_auroc': 0.8783, 'test_fnr': 0.1591, 'test_f1': 0.7048, 'achieved_epsilon': np.float64(1.4421)}, {'round': 5, 'mean_train_loss': 0.9629, 'test_auprc': 0.7088, 'test_auroc': 0.8788, 'test_fnr': 0.1591, 'test_f1': 0.7551, 'achieved_epsilon': np.float64(1.6257)}, {'round': 6, 'mean_train_loss': 1.0417, 'test_auprc': 0.719, 'test_auroc': 0.886, 'test_fnr': 0.1364, 'test_f1': 0.76, 'achieved_epsilon': np.float64(1.794)}, {'round': 7, 'mean_train_loss': 1.0598, 'test_auprc': 0.7264, 'test_auroc': 0.8894, 'test_fnr': 0.1364, 'test_f1': 0.7379, 'achieved_epsilon': np.float64(1.9506)}, {'round': 8, 'mean_train_loss': 1.1354, 'test_auprc': 0.722, 'test_auroc': 0.8924, 'test_fnr': 0.2045, 'test_f1': 0.7865, 'achieved_epsilon': np.float64(2.0979)}, {'round': 9, 'mean_train_loss': 1.1504, 'test_auprc': 0.7284, 'test_auroc': 0.8941, 'test_fnr': 0.7727, 'test_f1': 0.3509, 'achieved_epsilon': np.float64(2.2376)}, {'round': 10, 'mean_train_loss': 1.1624, 'test_auprc': 0.7313, 'test_auroc': 0.8962, 'test_fnr': 0.9545, 'test_f1': 0.087, 'achieved_epsilon': np.float64(2.3709)}, {'round': 11, 'mean_train_loss': 1.2134, 'test_auprc': 0.7285, 'test_auroc': 0.8976, 'test_fnr': 1.0, 'test_f1': 0.0, 'achieved_epsilon': np.float64(2.4988)}, {'round': 12, 'mean_train_loss': 1.2674, 'test_auprc': 0.7166, 'test_auroc': 0.8959, 'test_fnr': 1.0, 'test_f1': 0.0, 'achieved_epsilon': np.float64(2.6218)}, {'round': 13, 'mean_train_loss': 1.2658, 'test_auprc': 0.7049, 'test_auroc': 0.8954, 'test_fnr': 0.9091, 'test_f1': 0.1667, 'achieved_epsilon': np.float64(2.7407)}, {'round': 14, 'mean_train_loss': 1.2562, 'test_auprc': 0.6873, 'test_auroc': 0.8906, 'test_fnr': 0.8409, 'test_f1': 0.2692, 'achieved_epsilon': np.float64(2.8559)}, {'round': 15, 'mean_train_loss': 1.2714, 'test_auprc': 0.6695, 'test_auroc': 0.8878, 'test_fnr': 0.7727, 'test_f1': 0.3448, 'achieved_epsilon': np.float64(2.9677)}, {'round': 16, 'mean_train_loss': 1.3046, 'test_auprc': 0.6592, 'test_auroc': 0.8847, 'test_fnr': 0.7045, 'test_f1': 0.4262, 'achieved_epsilon': np.float64(3.0765)}, {'round': 17, 'mean_train_loss': 1.2473, 'test_auprc': 0.6648, 'test_auroc': 0.8865, 'test_fnr': 0.6136, 'test_f1': 0.5075, 'achieved_epsilon': np.float64(3.1826)}, {'round': 18, 'mean_train_loss': 1.1564, 'test_auprc': 0.6674, 'test_auroc': 0.887, 'test_fnr': 0.6591, 'test_f1': 0.4615, 'achieved_epsilon': np.float64(3.2862)}, {'round': 19, 'mean_train_loss': 1.2494, 'test_auprc': 0.6582, 'test_auroc': 0.8844, 'test_fnr': 0.5682, 'test_f1': 0.5507, 'achieved_epsilon': np.float64(3.3875)}, {'round': 20, 'mean_train_loss': 1.3132, 'test_auprc': 0.6587, 'test_auroc': 0.8841, 'test_fnr': 0.5455, 'test_f1': 0.5714, 'achieved_epsilon': np.float64(3.4866)}]"
DPLSTM_eps_2.0_seed_42,DPLSTM,2.0,1.7444,42,0.725,0.8982,1.0,0.0,0.0,0.0,51.32,2fea8fe1c9e9378684676c3ea46619d1c77403e8a7a4ead2754323d69c0f2242,"[{'round': 1, 'mean_train_loss': 0.9874, 'test_auprc': 0.1105, 'test_auroc': 0.3802, 'test_fnr': 0.0227, 'test_f1': 0.282, 'achieved_epsilon': np.float64(0.3533)}, {'round': 2, 'mean_train_loss': 0.9762, 'test_auprc': 0.1379, 'test_auroc': 0.4791, 'test_fnr': 0.0455, 'test_f1': 0.2937, 'achieved_epsilon': np.float64(0.5068)}, {'round': 3, 'mean_train_loss': 0.9375, 'test_auprc': 0.2247, 'test_auroc': 0.5927, 'test_fnr': 0.0, 'test_f1': 0.2953, 'achieved_epsilon': np.float64(0.6275)}, {'round': 4, 'mean_train_loss': 0.9187, 'test_auprc': 0.3384, 'test_auroc': 0.7233, 'test_fnr': 0.5227, 'test_f1': 0.433, 'achieved_epsilon': np.float64(0.731)}, {'round': 5, 'mean_train_loss': 0.9385, 'test_auprc': 0.4501, 'test_auroc': 0.8114, 'test_fnr': 0.2955, 'test_f1': 0.5299, 'achieved_epsilon': np.float64(0.8234)}, {'round': 6, 'mean_train_loss': 0.9674, 'test_auprc': 0.5748, 'test_auroc': 0.8685, 'test_fnr': 0.1818, 'test_f1': 0.6729, 'achieved_epsilon': np.float64(0.9078)}, {'round': 7, 'mean_train_loss': 0.952, 'test_auprc': 0.6472, 'test_auroc': 0.8768, 'test_fnr': 0.1591, 'test_f1': 0.7551, 'achieved_epsilon': np.float64(0.9861)}, {'round': 8, 'mean_train_loss': 0.9826, 'test_auprc': 0.6621, 'test_auroc': 0.8758, 'test_fnr': 0.1364, 'test_f1': 0.76, 'achieved_epsilon': np.float64(1.0597)}, {'round': 9, 'mean_train_loss': 0.9808, 'test_auprc': 0.7099, 'test_auroc': 0.8802, 'test_fnr': 0.1364, 'test_f1': 0.8, 'achieved_epsilon': np.float64(1.1292)}, {'round': 10, 'mean_train_loss': 0.9824, 'test_auprc': 0.7477, 'test_auroc': 0.886, 'test_fnr': 0.1364, 'test_f1': 0.8172, 'achieved_epsilon': np.float64(1.1954)}, {'round': 11, 'mean_train_loss': 1.0249, 'test_auprc': 0.7365, 'test_auroc': 0.8851, 'test_fnr': 0.1364, 'test_f1': 0.8172, 'achieved_epsilon': np.float64(1.2588)}, {'round': 12, 'mean_train_loss': 1.0781, 'test_auprc': 0.7327, 'test_auroc': 0.8884, 'test_fnr': 0.1364, 'test_f1': 0.8085, 'achieved_epsilon': np.float64(1.3197)}, {'round': 13, 'mean_train_loss': 1.0983, 'test_auprc': 0.7379, 'test_auroc': 0.8946, 'test_fnr': 0.1364, 'test_f1': 0.8085, 'achieved_epsilon': np.float64(1.3784)}, {'round': 14, 'mean_train_loss': 1.1112, 'test_auprc': 0.7271, 'test_auroc': 0.8914, 'test_fnr': 0.2727, 'test_f1': 0.7356, 'achieved_epsilon': np.float64(1.4351)}, {'round': 15, 'mean_train_loss': 1.1482, 'test_auprc': 0.7258, 'test_auroc': 0.8914, 'test_fnr': 0.5682, 'test_f1': 0.5507, 'achieved_epsilon': np.float64(1.4902)}, {'round': 16, 'mean_train_loss': 1.1968, 'test_auprc': 0.7243, 'test_auroc': 0.8921, 'test_fnr': 0.7727, 'test_f1': 0.3509, 'achieved_epsilon': np.float64(1.5436)}, {'round': 17, 'mean_train_loss': 1.1669, 'test_auprc': 0.7316, 'test_auroc': 0.8955, 'test_fnr': 0.8182, 'test_f1': 0.2963, 'achieved_epsilon': np.float64(1.5957)}, {'round': 18, 'mean_train_loss': 1.0955, 'test_auprc': 0.7264, 'test_auroc': 0.8951, 'test_fnr': 1.0, 'test_f1': 0.0, 'achieved_epsilon': np.float64(1.6464)}, {'round': 19, 'mean_train_loss': 1.19, 'test_auprc': 0.7217, 'test_auroc': 0.8956, 'test_fnr': 1.0, 'test_f1': 0.0, 'achieved_epsilon': np.float64(1.696)}, {'round': 20, 'mean_train_loss': 1.2611, 'test_auprc': 0.725, 'test_auroc': 0.8982, 'test_fnr': 1.0, 'test_f1': 0.0, 'achieved_epsilon': np.float64(1.7444)}]"
DPLSTM_eps_1.0_seed_42,DPLSTM,1.0,0.8738,42,0.7185,0.8852,0.1364,0.8085,0.76,0.8636,53.28,2fea8fe1c9e9378684676c3ea46619d1c77403e8a7a4ead2754323d69c0f2242,"[{'round': 1, 'mean_train_loss': 0.9874, 'test_auprc': 0.1047, 'test_auroc': 0.3428, 'test_fnr': 0.0227, 'test_f1': 0.2756, 'achieved_epsilon': np.float64(0.1805)}, {'round': 2, 'mean_train_loss': 0.9809, 'test_auprc': 0.1105, 'test_auroc': 0.383, 'test_fnr': 0.0227, 'test_f1': 0.2838, 'achieved_epsilon': np.float64(0.2578)}, {'round': 3, 'mean_train_loss': 0.9468, 'test_auprc': 0.1247, 'test_auroc': 0.4356, 'test_fnr': 0.0227, 'test_f1': 0.281, 'achieved_epsilon': np.float64(0.3185)}, {'round': 4, 'mean_train_loss': 0.9299, 'test_auprc': 0.164, 'test_auroc': 0.5073, 'test_fnr': 0.0455, 'test_f1': 0.2838, 'achieved_epsilon': np.float64(0.3704)}, {'round': 5, 'mean_train_loss': 0.9434, 'test_auprc': 0.1836, 'test_auroc': 0.5438, 'test_fnr': 0.0227, 'test_f1': 0.2886, 'achieved_epsilon': np.float64(0.4166)}, {'round': 6, 'mean_train_loss': 0.9598, 'test_auprc': 0.2302, 'test_auroc': 0.6032, 'test_fnr': 0.0, 'test_f1': 0.2933, 'achieved_epsilon': np.float64(0.4588)}, {'round': 7, 'mean_train_loss': 0.9383, 'test_auprc': 0.331, 'test_auroc': 0.7156, 'test_fnr': 0.2273, 'test_f1': 0.3656, 'achieved_epsilon': np.float64(0.498)}, {'round': 8, 'mean_train_loss': 0.9491, 'test_auprc': 0.4218, 'test_auroc': 0.7949, 'test_fnr': 0.2727, 'test_f1': 0.5203, 'achieved_epsilon': np.float64(0.5346)}, {'round': 9, 'mean_train_loss': 0.9337, 'test_auprc': 0.4906, 'test_auroc': 0.8316, 'test_fnr': 0.25, 'test_f1': 0.5789, 'achieved_epsilon': np.float64(0.5692)}, {'round': 10, 'mean_train_loss': 0.9201, 'test_auprc': 0.5814, 'test_auroc': 0.8594, 'test_fnr': 0.25, 'test_f1': 0.6346, 'achieved_epsilon': np.float64(0.6022)}, {'round': 11, 'mean_train_loss': 0.9361, 'test_auprc': 0.5881, 'test_auroc': 0.8613, 'test_fnr': 0.25, 'test_f1': 0.6346, 'achieved_epsilon': np.float64(0.6337)}, {'round': 12, 'mean_train_loss': 0.9601, 'test_auprc': 0.6312, 'test_auroc': 0.8763, 'test_fnr': 0.1818, 'test_f1': 0.605, 'achieved_epsilon': np.float64(0.6639)}, {'round': 13, 'mean_train_loss': 0.963, 'test_auprc': 0.6799, 'test_auroc': 0.8854, 'test_fnr': 0.1364, 'test_f1': 0.6552, 'achieved_epsilon': np.float64(0.693)}, {'round': 14, 'mean_train_loss': 0.9655, 'test_auprc': 0.6924, 'test_auroc': 0.8884, 'test_fnr': 0.1364, 'test_f1': 0.7308, 'achieved_epsilon': np.float64(0.7211)}, {'round': 15, 'mean_train_loss': 0.9887, 'test_auprc': 0.7284, 'test_auroc': 0.8854, 'test_fnr': 0.1364, 'test_f1': 0.7835, 'achieved_epsilon': np.float64(0.7483)}, {'round': 16, 'mean_train_loss': 1.0182, 'test_auprc': 0.7182, 'test_auroc': 0.8796, 'test_fnr': 0.1364, 'test_f1': 0.7835, 'achieved_epsilon': np.float64(0.7748)}, {'round': 17, 'mean_train_loss': 0.9989, 'test_auprc': 0.7289, 'test_auroc': 0.8815, 'test_fnr': 0.1364, 'test_f1': 0.8, 'achieved_epsilon': np.float64(0.8005)}, {'round': 18, 'mean_train_loss': 0.9453, 'test_auprc': 0.7167, 'test_auroc': 0.8817, 'test_fnr': 0.1364, 'test_f1': 0.8, 'achieved_epsilon': np.float64(0.8255)}, {'round': 19, 'mean_train_loss': 1.017, 'test_auprc': 0.7076, 'test_auroc': 0.881, 'test_fnr': 0.1364, 'test_f1': 0.8085, 'achieved_epsilon': np.float64(0.8499)}, {'round': 20, 'mean_train_loss': 1.077, 'test_auprc': 0.7185, 'test_auroc': 0.8852, 'test_fnr': 0.1364, 'test_f1': 0.8085, 'achieved_epsilon': np.float64(0.8738)}]"
DPLSTM_eps_0.5_seed_42,DPLSTM,0.5,0.4328,42,0.62,0.8781,0.1364,0.6129,0.475,0.8636,51.98,2fea8fe1c9e9378684676c3ea46619d1c77403e8a7a4ead2754323d69c0f2242,"[{'round': 1, 'mean_train_loss': 0.9873, 'test_auprc': 0.1019, 'test_auroc': 0.3208, 'test_fnr': 0.0455, 'test_f1': 0.2701, 'achieved_epsilon': np.float64(0.0929)}, {'round': 2, 'mean_train_loss': 0.9847, 'test_auprc': 0.1043, 'test_auroc': 0.337, 'test_fnr': 0.0227, 'test_f1': 0.2783, 'achieved_epsilon': np.float64(0.131)}, {'round': 3, 'mean_train_loss': 0.9545, 'test_auprc': 0.1062, 'test_auroc': 0.3541, 'test_fnr': 0.0455, 'test_f1': 0.2727, 'achieved_epsilon': np.float64(0.1608)}, {'round': 4, 'mean_train_loss': 0.9399, 'test_auprc': 0.1157, 'test_auroc': 0.402, 'test_fnr': 0.0227, 'test_f1': 0.2748, 'achieved_epsilon': np.float64(0.1863)}, {'round': 5, 'mean_train_loss': 0.9524, 'test_auprc': 0.1195, 'test_auroc': 0.4181, 'test_fnr': 0.0227, 'test_f1': 0.2774, 'achieved_epsilon': np.float64(0.2091)}, {'round': 6, 'mean_train_loss': 0.9651, 'test_auprc': 0.1276, 'test_auroc': 0.4354, 'test_fnr': 0.0227, 'test_f1': 0.2783, 'achieved_epsilon': np.float64(0.2298)}, {'round': 7, 'mean_train_loss': 0.9452, 'test_auprc': 0.1587, 'test_auroc': 0.4933, 'test_fnr': 0.0227, 'test_f1': 0.2801, 'achieved_epsilon': np.float64(0.249)}, {'round': 8, 'mean_train_loss': 0.9511, 'test_auprc': 0.1966, 'test_auroc': 0.5533, 'test_fnr': 0.7727, 'test_f1': 0.2899, 'achieved_epsilon': np.float64(0.267)}, {'round': 9, 'mean_train_loss': 0.9342, 'test_auprc': 0.226, 'test_auroc': 0.6045, 'test_fnr': 0.75, 'test_f1': 0.3188, 'achieved_epsilon': np.float64(0.284)}, {'round': 10, 'mean_train_loss': 0.9181, 'test_auprc': 0.2704, 'test_auroc': 0.6753, 'test_fnr': 0.4545, 'test_f1': 0.378, 'achieved_epsilon': np.float64(0.3001)}, {'round': 11, 'mean_train_loss': 0.9263, 'test_auprc': 0.251, 'test_auroc': 0.6562, 'test_fnr': 0.4773, 'test_f1': 0.3485, 'achieved_epsilon': np.float64(0.3155)}, {'round': 12, 'mean_train_loss': 0.9399, 'test_auprc': 0.2719, 'test_auroc': 0.6898, 'test_fnr': 0.4545, 'test_f1': 0.384, 'achieved_epsilon': np.float64(0.3303)}, {'round': 13, 'mean_train_loss': 0.9354, 'test_auprc': 0.3454, 'test_auroc': 0.7341, 'test_fnr': 0.3864, 'test_f1': 0.4252, 'achieved_epsilon': np.float64(0.3446)}, {'round': 14, 'mean_train_loss': 0.9319, 'test_auprc': 0.3854, 'test_auroc': 0.7795, 'test_fnr': 0.1818, 'test_f1': 0.4932, 'achieved_epsilon': np.float64(0.3583)}, {'round': 15, 'mean_train_loss': 0.9442, 'test_auprc': 0.5347, 'test_auroc': 0.8408, 'test_fnr': 0.25, 'test_f1': 0.6286, 'achieved_epsilon': np.float64(0.3716)}, {'round': 16, 'mean_train_loss': 0.958, 'test_auprc': 0.4939, 'test_auroc': 0.8376, 'test_fnr': 0.25, 'test_f1': 0.6, 'achieved_epsilon': np.float64(0.3845)}, {'round': 17, 'mean_train_loss': 0.9378, 'test_auprc': 0.6291, 'test_auroc': 0.8678, 'test_fnr': 0.0909, 'test_f1': 0.5594, 'achieved_epsilon': np.float64(0.3971)}, {'round': 18, 'mean_train_loss': 0.8901, 'test_auprc': 0.6026, 'test_auroc': 0.8647, 'test_fnr': 0.0909, 'test_f1': 0.5479, 'achieved_epsilon': np.float64(0.4093)}, {'round': 19, 'mean_train_loss': 0.9365, 'test_auprc': 0.5761, 'test_auroc': 0.8668, 'test_fnr': 0.0909, 'test_f1': 0.5479, 'achieved_epsilon': np.float64(0.4212)}, {'round': 20, 'mean_train_loss': 0.9767, 'test_auprc': 0.62, 'test_auroc': 0.8781, 'test_fnr': 0.1364, 'test_f1': 0.6129, 'achieved_epsilon': np.float64(0.4328)}]"
DPGRU_eps_inf_seed_42,DPGRU,inf,inf,42,0.5505,0.88,0.2273,0.544,0.4198,0.7727,7.24,2fea8fe1c9e9378684676c3ea46619d1c77403e8a7a4ead2754323d69c0f2242,"[{'round': 1, 'mean_train_loss': 0.8499, 'test_auprc': 0.488, 'test_auroc': 0.8312, 'test_fnr': 0.1364, 'test_f1': 0.478, 'achieved_epsilon': None}, {'round': 2, 'mean_train_loss': 0.6526, 'test_auprc': 0.6419, 'test_auroc': 0.8844, 'test_fnr': 0.1591, 'test_f1': 0.5692, 'achieved_epsilon': None}, {'round': 3, 'mean_train_loss': 0.574, 'test_auprc': 0.6736, 'test_auroc': 0.8927, 'test_fnr': 0.1591, 'test_f1': 0.6667, 'achieved_epsilon': None}, {'round': 4, 'mean_train_loss': 0.4785, 'test_auprc': 0.6722, 'test_auroc': 0.8949, 'test_fnr': 0.1364, 'test_f1': 0.6972, 'achieved_epsilon': None}, {'round': 5, 'mean_train_loss': 0.4893, 'test_auprc': 0.6608, 'test_auroc': 0.8916, 'test_fnr': 0.1364, 'test_f1': 0.6972, 'achieved_epsilon': None}, {'round': 6, 'mean_train_loss': 0.4614, 'test_auprc': 0.6562, 'test_auroc': 0.8851, 'test_fnr': 0.1364, 'test_f1': 0.6972, 'achieved_epsilon': None}, {'round': 7, 'mean_train_loss': 0.4906, 'test_auprc': 0.6127, 'test_auroc': 0.8753, 'test_fnr': 0.1364, 'test_f1': 0.6281, 'achieved_epsilon': None}, {'round': 8, 'mean_train_loss': 0.4672, 'test_auprc': 0.6432, 'test_auroc': 0.8709, 'test_fnr': 0.1818, 'test_f1': 0.6429, 'achieved_epsilon': None}, {'round': 9, 'mean_train_loss': 0.4434, 'test_auprc': 0.6558, 'test_auroc': 0.8868, 'test_fnr': 0.2045, 'test_f1': 0.7143, 'achieved_epsilon': None}, {'round': 10, 'mean_train_loss': 0.4143, 'test_auprc': 0.6708, 'test_auroc': 0.9001, 'test_fnr': 0.2045, 'test_f1': 0.7368, 'achieved_epsilon': None}, {'round': 11, 'mean_train_loss': 0.3931, 'test_auprc': 0.6353, 'test_auroc': 0.8936, 'test_fnr': 0.2045, 'test_f1': 0.5833, 'achieved_epsilon': None}, {'round': 12, 'mean_train_loss': 0.444, 'test_auprc': 0.6073, 'test_auroc': 0.8889, 'test_fnr': 0.2045, 'test_f1': 0.5882, 'achieved_epsilon': None}, {'round': 13, 'mean_train_loss': 0.3861, 'test_auprc': 0.6709, 'test_auroc': 0.9123, 'test_fnr': 0.2273, 'test_f1': 0.7158, 'achieved_epsilon': None}, {'round': 14, 'mean_train_loss': 0.375, 'test_auprc': 0.5752, 'test_auroc': 0.875, 'test_fnr': 0.1136, 'test_f1': 0.5166, 'achieved_epsilon': None}, {'round': 15, 'mean_train_loss': 0.3741, 'test_auprc': 0.6102, 'test_auroc': 0.8943, 'test_fnr': 0.1364, 'test_f1': 0.517, 'achieved_epsilon': None}, {'round': 16, 'mean_train_loss': 0.3602, 'test_auprc': 0.5938, 'test_auroc': 0.8943, 'test_fnr': 0.1364, 'test_f1': 0.517, 'achieved_epsilon': None}, {'round': 17, 'mean_train_loss': 0.3181, 'test_auprc': 0.6007, 'test_auroc': 0.8965, 'test_fnr': 0.25, 'test_f1': 0.6535, 'achieved_epsilon': None}, {'round': 18, 'mean_train_loss': 0.2994, 'test_auprc': 0.5622, 'test_auroc': 0.8767, 'test_fnr': 0.1818, 'test_f1': 0.4737, 'achieved_epsilon': None}, {'round': 19, 'mean_train_loss': 0.3405, 'test_auprc': 0.584, 'test_auroc': 0.8886, 'test_fnr': 0.2727, 'test_f1': 0.6154, 'achieved_epsilon': None}, {'round': 20, 'mean_train_loss': 0.3063, 'test_auprc': 0.5505, 'test_auroc': 0.88, 'test_fnr': 0.2273, 'test_f1': 0.544, 'achieved_epsilon': None}]"
DPGRU_eps_8.0_seed_42,DPGRU,8.0,6.9821,42,0.6224,0.8746,0.2727,0.6598,0.6038,0.7273,38.98,2fea8fe1c9e9378684676c3ea46619d1c77403e8a7a4ead2754323d69c0f2242,"[{'round': 1, 'mean_train_loss': 0.9653, 'test_auprc': 0.58, 'test_auroc': 0.8698, 'test_fnr': 0.1591, 'test_f1': 0.5481, 'achieved_epsilon': np.float64(1.4002)}, {'round': 2, 'mean_train_loss': 0.9614, 'test_auprc': 0.5545, 'test_auroc': 0.8574, 'test_fnr': 0.1591, 'test_f1': 0.5401, 'achieved_epsilon': np.float64(1.9637)}, {'round': 3, 'mean_train_loss': 1.0813, 'test_auprc': 0.5503, 'test_auroc': 0.8559, 'test_fnr': 0.4773, 'test_f1': 0.5287, 'achieved_epsilon': np.float64(2.4308)}, {'round': 4, 'mean_train_loss': 1.2711, 'test_auprc': 0.5878, 'test_auroc': 0.8642, 'test_fnr': 0.5682, 'test_f1': 0.5507, 'achieved_epsilon': np.float64(2.8351)}, {'round': 5, 'mean_train_loss': 1.4225, 'test_auprc': 0.5946, 'test_auroc': 0.8683, 'test_fnr': 0.5682, 'test_f1': 0.5507, 'achieved_epsilon': np.float64(3.199)}, {'round': 6, 'mean_train_loss': 1.5316, 'test_auprc': 0.6125, 'test_auroc': 0.8727, 'test_fnr': 0.5227, 'test_f1': 0.5915, 'achieved_epsilon': np.float64(3.5341)}, {'round': 7, 'mean_train_loss': 1.4916, 'test_auprc': 0.6163, 'test_auroc': 0.874, 'test_fnr': 0.5, 'test_f1': 0.55, 'achieved_epsilon': np.float64(3.8472)}, {'round': 8, 'mean_train_loss': 1.4882, 'test_auprc': 0.6317, 'test_auroc': 0.8792, 'test_fnr': 0.5, 'test_f1': 0.6111, 'achieved_epsilon': np.float64(4.143)}, {'round': 9, 'mean_train_loss': 1.5102, 'test_auprc': 0.6547, 'test_auroc': 0.8856, 'test_fnr': 0.4773, 'test_f1': 0.6301, 'achieved_epsilon': np.float64(4.4244)}, {'round': 10, 'mean_train_loss': 1.4396, 'test_auprc': 0.6221, 'test_auroc': 0.8763, 'test_fnr': 0.4773, 'test_f1': 0.5412, 'achieved_epsilon': np.float64(4.6939)}, {'round': 11, 'mean_train_loss': 1.4166, 'test_auprc': 0.6354, 'test_auroc': 0.881, 'test_fnr': 0.3636, 'test_f1': 0.6222, 'achieved_epsilon': np.float64(4.9531)}, {'round': 12, 'mean_train_loss': 1.4441, 'test_auprc': 0.6423, 'test_auroc': 0.8816, 'test_fnr': 0.3409, 'test_f1': 0.6374, 'achieved_epsilon': np.float64(5.2034)}, {'round': 13, 'mean_train_loss': 1.396, 'test_auprc': 0.6712, 'test_auroc': 0.8886, 'test_fnr': 0.3182, 'test_f1': 0.6522, 'achieved_epsilon': np.float64(5.4459)}, {'round': 14, 'mean_train_loss': 1.4148, 'test_auprc': 0.6512, 'test_auroc': 0.8863, 'test_fnr': 0.2955, 'test_f1': 0.6596, 'achieved_epsilon': np.float64(5.6814)}, {'round': 15, 'mean_train_loss': 1.4155, 'test_auprc': 0.6406, 'test_auroc': 0.8838, 'test_fnr': 0.2727, 'test_f1': 0.6598, 'achieved_epsilon': np.float64(5.9107)}, {'round': 16, 'mean_train_loss': 1.4942, 'test_auprc': 0.6283, 'test_auroc': 0.879, 'test_fnr': 0.2727, 'test_f1': 0.6531, 'achieved_epsilon': np.float64(6.1344)}, {'round': 17, 'mean_train_loss': 1.4131, 'test_auprc': 0.6284, 'test_auroc': 0.879, 'test_fnr': 0.2727, 'test_f1': 0.6531, 'achieved_epsilon': np.float64(6.353)}, {'round': 18, 'mean_train_loss': 1.3126, 'test_auprc': 0.6205, 'test_auroc': 0.8756, 'test_fnr': 0.2727, 'test_f1': 0.6531, 'achieved_epsilon': np.float64(6.5669)}, {'round': 19, 'mean_train_loss': 1.4125, 'test_auprc': 0.6201, 'test_auroc': 0.8744, 'test_fnr': 0.2727, 'test_f1': 0.6531, 'achieved_epsilon': np.float64(6.7765)}, {'round': 20, 'mean_train_loss': 1.4804, 'test_auprc': 0.6224, 'test_auroc': 0.8746, 'test_fnr': 0.2727, 'test_f1': 0.6598, 'achieved_epsilon': np.float64(6.9821)}]"
DPGRU_eps_4.0_seed_42,DPGRU,4.0,3.4866,42,0.6144,0.8731,0.3409,0.617,0.58,0.6591,37.61,2fea8fe1c9e9378684676c3ea46619d1c77403e8a7a4ead2754323d69c0f2242,"[{'round': 1, 'mean_train_loss': 0.9644, 'test_auprc': 0.6001, 'test_auroc': 0.8772, 'test_fnr': 0.2727, 'test_f1': 0.7111, 'achieved_epsilon': np.float64(0.6967)}, {'round': 2, 'mean_train_loss': 0.9274, 'test_auprc': 0.5773, 'test_auroc': 0.8684, 'test_fnr': 0.1364, 'test_f1': 0.5468, 'achieved_epsilon': np.float64(0.9986)}, {'round': 3, 'mean_train_loss': 0.9258, 'test_auprc': 0.554, 'test_auroc': 0.8587, 'test_fnr': 0.1591, 'test_f1': 0.5324, 'achieved_epsilon': np.float64(1.237)}, {'round': 4, 'mean_train_loss': 1.0493, 'test_auprc': 0.5733, 'test_auroc': 0.861, 'test_fnr': 0.4091, 'test_f1': 0.5591, 'achieved_epsilon': np.float64(1.4421)}, {'round': 5, 'mean_train_loss': 1.2512, 'test_auprc': 0.5743, 'test_auroc': 0.8619, 'test_fnr': 0.5682, 'test_f1': 0.5507, 'achieved_epsilon': np.float64(1.6257)}, {'round': 6, 'mean_train_loss': 1.4389, 'test_auprc': 0.5931, 'test_auroc': 0.8678, 'test_fnr': 0.5909, 'test_f1': 0.5294, 'achieved_epsilon': np.float64(1.794)}, {'round': 7, 'mean_train_loss': 1.4589, 'test_auprc': 0.5878, 'test_auroc': 0.8692, 'test_fnr': 0.5909, 'test_f1': 0.5294, 'achieved_epsilon': np.float64(1.9506)}, {'round': 8, 'mean_train_loss': 1.5079, 'test_auprc': 0.6225, 'test_auroc': 0.8764, 'test_fnr': 0.5682, 'test_f1': 0.5507, 'achieved_epsilon': np.float64(2.0979)}, {'round': 9, 'mean_train_loss': 1.5271, 'test_auprc': 0.634, 'test_auroc': 0.8805, 'test_fnr': 0.5682, 'test_f1': 0.5507, 'achieved_epsilon': np.float64(2.2376)}, {'round': 10, 'mean_train_loss': 1.4587, 'test_auprc': 0.6151, 'test_auroc': 0.8732, 'test_fnr': 0.5455, 'test_f1': 0.5714, 'achieved_epsilon': np.float64(2.3709)}, {'round': 11, 'mean_train_loss': 1.4517, 'test_auprc': 0.6297, 'test_auroc': 0.8782, 'test_fnr': 0.5227, 'test_f1': 0.5915, 'achieved_epsilon': np.float64(2.4988)}, {'round': 12, 'mean_train_loss': 1.4729, 'test_auprc': 0.6347, 'test_auroc': 0.8786, 'test_fnr': 0.5, 'test_f1': 0.6111, 'achieved_epsilon': np.float64(2.6218)}, {'round': 13, 'mean_train_loss': 1.4333, 'test_auprc': 0.6622, 'test_auroc': 0.8845, 'test_fnr': 0.5, 'test_f1': 0.6111, 'achieved_epsilon': np.float64(2.7407)}, {'round': 14, 'mean_train_loss': 1.4537, 'test_auprc': 0.6471, 'test_auroc': 0.8816, 'test_fnr': 0.5, 'test_f1': 0.6111, 'achieved_epsilon': np.float64(2.8559)}, {'round': 15, 'mean_train_loss': 1.4681, 'test_auprc': 0.6364, 'test_auroc': 0.8798, 'test_fnr': 0.5, 'test_f1': 0.6027, 'achieved_epsilon': np.float64(2.9677)}, {'round': 16, 'mean_train_loss': 1.5448, 'test_auprc': 0.6233, 'test_auroc': 0.8758, 'test_fnr': 0.4773, 'test_f1': 0.5412, 'achieved_epsilon': np.float64(3.0765)}, {'round': 17, 'mean_train_loss': 1.4609, 'test_auprc': 0.6208, 'test_auroc': 0.8757, 'test_fnr': 0.4545, 'test_f1': 0.5581, 'achieved_epsilon': np.float64(3.1826)}, {'round': 18, 'mean_train_loss': 1.34, 'test_auprc': 0.612, 'test_auroc': 0.8728, 'test_fnr': 0.5, 'test_f1': 0.5176, 'achieved_epsilon': np.float64(3.2862)}, {'round': 19, 'mean_train_loss': 1.4543, 'test_auprc': 0.6118, 'test_auroc': 0.8725, 'test_fnr': 0.4545, 'test_f1': 0.5517, 'achieved_epsilon': np.float64(3.3875)}, {'round': 20, 'mean_train_loss': 1.5232, 'test_auprc': 0.6144, 'test_auroc': 0.8731, 'test_fnr': 0.3409, 'test_f1': 0.617, 'achieved_epsilon': np.float64(3.4866)}]"
DPGRU_eps_2.0_seed_42,DPGRU,2.0,1.7444,42,0.6047,0.8695,0.5227,0.5526,0.6562,0.4773,40.05,2fea8fe1c9e9378684676c3ea46619d1c77403e8a7a4ead2754323d69c0f2242,"[{'round': 1, 'mean_train_loss': 0.9638, 'test_auprc': 0.591, 'test_auroc': 0.8822, 'test_fnr': 0.2727, 'test_f1': 0.7273, 'achieved_epsilon': np.float64(0.3533)}, {'round': 2, 'mean_train_loss': 0.9287, 'test_auprc': 0.6079, 'test_auroc': 0.8771, 'test_fnr': 0.2727, 'test_f1': 0.7356, 'achieved_epsilon': np.float64(0.5068)}, {'round': 3, 'mean_train_loss': 0.8765, 'test_auprc': 0.5733, 'test_auroc': 0.8658, 'test_fnr': 0.1591, 'test_f1': 0.5441, 'achieved_epsilon': np.float64(0.6275)}, {'round': 4, 'mean_train_loss': 0.8821, 'test_auprc': 0.5672, 'test_auroc': 0.8647, 'test_fnr': 0.1364, 'test_f1': 0.5429, 'achieved_epsilon': np.float64(0.731)}, {'round': 5, 'mean_train_loss': 0.986, 'test_auprc': 0.5651, 'test_auroc': 0.861, 'test_fnr': 0.1364, 'test_f1': 0.5429, 'achieved_epsilon': np.float64(0.8234)}, {'round': 6, 'mean_train_loss': 1.1487, 'test_auprc': 0.5672, 'test_auroc': 0.8602, 'test_fnr': 0.4091, 'test_f1': 0.5361, 'achieved_epsilon': np.float64(0.9078)}, {'round': 7, 'mean_train_loss': 1.2208, 'test_auprc': 0.5574, 'test_auroc': 0.8615, 'test_fnr': 0.5227, 'test_f1': 0.5676, 'achieved_epsilon': np.float64(0.9861)}, {'round': 8, 'mean_train_loss': 1.3337, 'test_auprc': 0.5846, 'test_auroc': 0.8703, 'test_fnr': 0.5909, 'test_f1': 0.5455, 'achieved_epsilon': np.float64(1.0597)}, {'round': 9, 'mean_train_loss': 1.3965, 'test_auprc': 0.6094, 'test_auroc': 0.8749, 'test_fnr': 0.7273, 'test_f1': 0.4, 'achieved_epsilon': np.float64(1.1292)}, {'round': 10, 'mean_train_loss': 1.3728, 'test_auprc': 0.5802, 'test_auroc': 0.8671, 'test_fnr': 0.7045, 'test_f1': 0.4262, 'achieved_epsilon': np.float64(1.1954)}, {'round': 11, 'mean_train_loss': 1.404, 'test_auprc': 0.6057, 'test_auroc': 0.8715, 'test_fnr': 0.7045, 'test_f1': 0.4262, 'achieved_epsilon': np.float64(1.2588)}, {'round': 12, 'mean_train_loss': 1.4403, 'test_auprc': 0.61, 'test_auroc': 0.8724, 'test_fnr': 0.5909, 'test_f1': 0.5455, 'achieved_epsilon': np.float64(1.3197)}, {'round': 13, 'mean_train_loss': 1.4219, 'test_auprc': 0.6268, 'test_auroc': 0.8773, 'test_fnr': 0.5909, 'test_f1': 0.5455, 'achieved_epsilon': np.float64(1.3784)}, {'round': 14, 'mean_train_loss': 1.4563, 'test_auprc': 0.6305, 'test_auroc': 0.8776, 'test_fnr': 0.5909, 'test_f1': 0.5455, 'achieved_epsilon': np.float64(1.4351)}, {'round': 15, 'mean_train_loss': 1.4914, 'test_auprc': 0.6351, 'test_auroc': 0.8774, 'test_fnr': 0.5909, 'test_f1': 0.5294, 'achieved_epsilon': np.float64(1.4902)}, {'round': 16, 'mean_train_loss': 1.5671, 'test_auprc': 0.6137, 'test_auroc': 0.8697, 'test_fnr': 0.5909, 'test_f1': 0.5294, 'achieved_epsilon': np.float64(1.5436)}, {'round': 17, 'mean_train_loss': 1.4952, 'test_auprc': 0.6086, 'test_auroc': 0.8696, 'test_fnr': 0.5682, 'test_f1': 0.5507, 'achieved_epsilon': np.float64(1.5957)}, {'round': 18, 'mean_train_loss': 1.3686, 'test_auprc': 0.5982, 'test_auroc': 0.8657, 'test_fnr': 0.5682, 'test_f1': 0.5507, 'achieved_epsilon': np.float64(1.6464)}, {'round': 19, 'mean_train_loss': 1.4861, 'test_auprc': 0.5968, 'test_auroc': 0.8663, 'test_fnr': 0.5682, 'test_f1': 0.5507, 'achieved_epsilon': np.float64(1.696)}, {'round': 20, 'mean_train_loss': 1.5608, 'test_auprc': 0.6047, 'test_auroc': 0.8695, 'test_fnr': 0.5227, 'test_f1': 0.5526, 'achieved_epsilon': np.float64(1.7444)}]"
DPGRU_eps_1.0_seed_42,DPGRU,1.0,0.8738,42,0.5633,0.8589,0.7045,0.4262,0.7647,0.2955,40.02,2fea8fe1c9e9378684676c3ea46619d1c77403e8a7a4ead2754323d69c0f2242,"[{'round': 1, 'mean_train_loss': 0.9644, 'test_auprc': 0.5825, 'test_auroc': 0.8861, 'test_fnr': 0.2727, 'test_f1': 0.7191, 'achieved_epsilon': np.float64(0.1805)}, {'round': 2, 'mean_train_loss': 0.9417, 'test_auprc': 0.6016, 'test_auroc': 0.8864, 'test_fnr': 0.1591, 'test_f1': 0.6218, 'achieved_epsilon': np.float64(0.2578)}, {'round': 3, 'mean_train_loss': 0.8895, 'test_auprc': 0.5954, 'test_auroc': 0.8741, 'test_fnr': 0.2727, 'test_f1': 0.7356, 'achieved_epsilon': np.float64(0.3185)}, {'round': 4, 'mean_train_loss': 0.861, 'test_auprc': 0.5988, 'test_auroc': 0.8761, 'test_fnr': 0.1591, 'test_f1': 0.5873, 'achieved_epsilon': np.float64(0.3704)}, {'round': 5, 'mean_train_loss': 0.8841, 'test_auprc': 0.5888, 'test_auroc': 0.8733, 'test_fnr': 0.1591, 'test_f1': 0.5873, 'achieved_epsilon': np.float64(0.4166)}, {'round': 6, 'mean_train_loss': 0.9405, 'test_auprc': 0.5773, 'test_auroc': 0.8696, 'test_fnr': 0.1591, 'test_f1': 0.5873, 'achieved_epsilon': np.float64(0.4588)}, {'round': 7, 'mean_train_loss': 0.9539, 'test_auprc': 0.5654, 'test_auroc': 0.866, 'test_fnr': 0.1591, 'test_f1': 0.5781, 'achieved_epsilon': np.float64(0.498)}, {'round': 8, 'mean_train_loss': 1.0299, 'test_auprc': 0.5823, 'test_auroc': 0.8715, 'test_fnr': 0.1591, 'test_f1': 0.6116, 'achieved_epsilon': np.float64(0.5346)}, {'round': 9, 'mean_train_loss': 1.0855, 'test_auprc': 0.5898, 'test_auroc': 0.8743, 'test_fnr': 0.2727, 'test_f1': 0.6337, 'achieved_epsilon': np.float64(0.5692)}, {'round': 10, 'mean_train_loss': 1.0955, 'test_auprc': 0.5683, 'test_auroc': 0.8651, 'test_fnr': 0.4318, 'test_f1': 0.5618, 'achieved_epsilon': np.float64(0.6022)}, {'round': 11, 'mean_train_loss': 1.1535, 'test_auprc': 0.5788, 'test_auroc': 0.8679, 'test_fnr': 0.4773, 'test_f1': 0.5897, 'achieved_epsilon': np.float64(0.6337)}, {'round': 12, 'mean_train_loss': 1.2136, 'test_auprc': 0.5798, 'test_auroc': 0.867, 'test_fnr': 0.5455, 'test_f1': 0.5634, 'achieved_epsilon': np.float64(0.6639)}, {'round': 13, 'mean_train_loss': 1.2289, 'test_auprc': 0.6013, 'test_auroc': 0.8735, 'test_fnr': 0.5909, 'test_f1': 0.5294, 'achieved_epsilon': np.float64(0.693)}, {'round': 14, 'mean_train_loss': 1.2851, 'test_auprc': 0.6016, 'test_auroc': 0.8736, 'test_fnr': 0.7045, 'test_f1': 0.4262, 'achieved_epsilon': np.float64(0.7211)}, {'round': 15, 'mean_train_loss': 1.3486, 'test_auprc': 0.6104, 'test_auroc': 0.8726, 'test_fnr': 0.7273, 'test_f1': 0.4, 'achieved_epsilon': np.float64(0.7483)}, {'round': 16, 'mean_train_loss': 1.4334, 'test_auprc': 0.592, 'test_auroc': 0.8652, 'test_fnr': 0.75, 'test_f1': 0.3729, 'achieved_epsilon': np.float64(0.7748)}, {'round': 17, 'mean_train_loss': 1.3954, 'test_auprc': 0.5805, 'test_auroc': 0.8634, 'test_fnr': 0.75, 'test_f1': 0.3729, 'achieved_epsilon': np.float64(0.8005)}, {'round': 18, 'mean_train_loss': 1.2959, 'test_auprc': 0.5541, 'test_auroc': 0.8531, 'test_fnr': 0.7727, 'test_f1': 0.3448, 'achieved_epsilon': np.float64(0.8255)}, {'round': 19, 'mean_train_loss': 1.4159, 'test_auprc': 0.5524, 'test_auroc': 0.8533, 'test_fnr': 0.75, 'test_f1': 0.3729, 'achieved_epsilon': np.float64(0.8499)}, {'round': 20, 'mean_train_loss': 1.5041, 'test_auprc': 0.5633, 'test_auroc': 0.8589, 'test_fnr': 0.7045, 'test_f1': 0.4262, 'achieved_epsilon': np.float64(0.8738)}]"
DPGRU_eps_0.5_seed_42,DPGRU,0.5,0.4328,42,0.5596,0.858,0.4773,0.5349,0.5476,0.5227,45.36,2fea8fe1c9e9378684676c3ea46619d1c77403e8a7a4ead2754323d69c0f2242,"[{'round': 1, 'mean_train_loss': 0.9653, 'test_auprc': 0.5616, 'test_auroc': 0.8825, 'test_fnr': 0.2727, 'test_f1': 0.7191, 'achieved_epsilon': np.float64(0.0929)}, {'round': 2, 'mean_train_loss': 0.9538, 'test_auprc': 0.5895, 'test_auroc': 0.8877, 'test_fnr': 0.1591, 'test_f1': 0.6218, 'achieved_epsilon': np.float64(0.131)}, {'round': 3, 'mean_train_loss': 0.9114, 'test_auprc': 0.5813, 'test_auroc': 0.883, 'test_fnr': 0.2727, 'test_f1': 0.7273, 'achieved_epsilon': np.float64(0.1608)}, {'round': 4, 'mean_train_loss': 0.8841, 'test_auprc': 0.6002, 'test_auroc': 0.8844, 'test_fnr': 0.1591, 'test_f1': 0.6379, 'achieved_epsilon': np.float64(0.1863)}, {'round': 5, 'mean_train_loss': 0.8919, 'test_auprc': 0.6108, 'test_auroc': 0.8848, 'test_fnr': 0.1591, 'test_f1': 0.6852, 'achieved_epsilon': np.float64(0.2091)}, {'round': 6, 'mean_train_loss': 0.9114, 'test_auprc': 0.6209, 'test_auroc': 0.887, 'test_fnr': 0.1591, 'test_f1': 0.6981, 'achieved_epsilon': np.float64(0.2298)}, {'round': 7, 'mean_train_loss': 0.8888, 'test_auprc': 0.6095, 'test_auroc': 0.8817, 'test_fnr': 0.1591, 'test_f1': 0.6271, 'achieved_epsilon': np.float64(0.249)}, {'round': 8, 'mean_train_loss': 0.9124, 'test_auprc': 0.621, 'test_auroc': 0.8844, 'test_fnr': 0.1591, 'test_f1': 0.6981, 'achieved_epsilon': np.float64(0.267)}, {'round': 9, 'mean_train_loss': 0.9146, 'test_auprc': 0.6269, 'test_auroc': 0.885, 'test_fnr': 0.1591, 'test_f1': 0.7048, 'achieved_epsilon': np.float64(0.284)}, {'round': 10, 'mean_train_loss': 0.9006, 'test_auprc': 0.6151, 'test_auroc': 0.8793, 'test_fnr': 0.1591, 'test_f1': 0.6981, 'achieved_epsilon': np.float64(0.3001)}, {'round': 11, 'mean_train_loss': 0.9244, 'test_auprc': 0.6257, 'test_auroc': 0.8813, 'test_fnr': 0.1591, 'test_f1': 0.7048, 'achieved_epsilon': np.float64(0.3155)}, {'round': 12, 'mean_train_loss': 0.9616, 'test_auprc': 0.6154, 'test_auroc': 0.8766, 'test_fnr': 0.1591, 'test_f1': 0.7048, 'achieved_epsilon': np.float64(0.3303)}, {'round': 13, 'mean_train_loss': 0.9705, 'test_auprc': 0.6416, 'test_auroc': 0.8825, 'test_fnr': 0.1591, 'test_f1': 0.7708, 'achieved_epsilon': np.float64(0.3446)}, {'round': 14, 'mean_train_loss': 1.0078, 'test_auprc': 0.6276, 'test_auroc': 0.8813, 'test_fnr': 0.1591, 'test_f1': 0.7115, 'achieved_epsilon': np.float64(0.3583)}, {'round': 15, 'mean_train_loss': 1.0596, 'test_auprc': 0.6292, 'test_auroc': 0.8804, 'test_fnr': 0.1591, 'test_f1': 0.7115, 'achieved_epsilon': np.float64(0.3716)}, {'round': 16, 'mean_train_loss': 1.1275, 'test_auprc': 0.5983, 'test_auroc': 0.8698, 'test_fnr': 0.2045, 'test_f1': 0.614, 'achieved_epsilon': np.float64(0.3845)}, {'round': 17, 'mean_train_loss': 1.111, 'test_auprc': 0.5823, 'test_auroc': 0.8665, 'test_fnr': 0.3182, 'test_f1': 0.6316, 'achieved_epsilon': np.float64(0.3971)}, {'round': 18, 'mean_train_loss': 1.05, 'test_auprc': 0.5525, 'test_auroc': 0.855, 'test_fnr': 0.4545, 'test_f1': 0.5455, 'achieved_epsilon': np.float64(0.4093)}, {'round': 19, 'mean_train_loss': 1.1529, 'test_auprc': 0.545, 'test_auroc': 0.8531, 'test_fnr': 0.4773, 'test_f1': 0.5349, 'achieved_epsilon': np.float64(0.4212)}, {'round': 20, 'mean_train_loss': 1.2376, 'test_auprc': 0.5596, 'test_auroc': 0.858, 'test_fnr': 0.4773, 'test_f1': 0.5349, 'achieved_epsilon': np.float64(0.4328)}]"
CNN1D_eps_inf_seed_42,CNN1D,inf,inf,42,0.3984,0.8237,0.4318,0.495,0.4386,0.5682,10.43,2fea8fe1c9e9378684676c3ea46619d1c77403e8a7a4ead2754323d69c0f2242,"[{'round': 1, 'mean_train_loss': 0.6234, 'test_auprc': 0.6947, 'test_auroc': 0.9302, 'test_fnr': 0.0682, 'test_f1': 0.5899, 'achieved_epsilon': None}, {'round': 2, 'mean_train_loss': 0.49, 'test_auprc': 0.5574, 'test_auroc': 0.9032, 'test_fnr': 0.1364, 'test_f1': 0.6441, 'achieved_epsilon': None}, {'round': 3, 'mean_train_loss': 0.4394, 'test_auprc': 0.5884, 'test_auroc': 0.894, 'test_fnr': 0.2045, 'test_f1': 0.625, 'achieved_epsilon': None}, {'round': 4, 'mean_train_loss': 0.3498, 'test_auprc': 0.5003, 'test_auroc': 0.8636, 'test_fnr': 0.25, 'test_f1': 0.569, 'achieved_epsilon': None}, {'round': 5, 'mean_train_loss': 0.3562, 'test_auprc': 0.5007, 'test_auroc': 0.8598, 'test_fnr': 0.25, 'test_f1': 0.5, 'achieved_epsilon': None}, {'round': 6, 'mean_train_loss': 0.3099, 'test_auprc': 0.5176, 'test_auroc': 0.8648, 'test_fnr': 0.2727, 'test_f1': 0.5664, 'achieved_epsilon': None}, {'round': 7, 'mean_train_loss': 0.3074, 'test_auprc': 0.4318, 'test_auroc': 0.8233, 'test_fnr': 0.3409, 'test_f1': 0.4754, 'achieved_epsilon': None}, {'round': 8, 'mean_train_loss': 0.2717, 'test_auprc': 0.4886, 'test_auroc': 0.8392, 'test_fnr': 0.3409, 'test_f1': 0.5321, 'achieved_epsilon': None}, {'round': 9, 'mean_train_loss': 0.2472, 'test_auprc': 0.468, 'test_auroc': 0.8381, 'test_fnr': 0.5, 'test_f1': 0.4681, 'achieved_epsilon': None}, {'round': 10, 'mean_train_loss': 0.2081, 'test_auprc': 0.3859, 'test_auroc': 0.821, 'test_fnr': 0.4545, 'test_f1': 0.4211, 'achieved_epsilon': None}, {'round': 11, 'mean_train_loss': 0.2027, 'test_auprc': 0.3231, 'test_auroc': 0.8069, 'test_fnr': 0.4091, 'test_f1': 0.437, 'achieved_epsilon': None}, {'round': 12, 'mean_train_loss': 0.2039, 'test_auprc': 0.3928, 'test_auroc': 0.8277, 'test_fnr': 0.4773, 'test_f1': 0.4792, 'achieved_epsilon': None}, {'round': 13, 'mean_train_loss': 0.19, 'test_auprc': 0.4769, 'test_auroc': 0.8303, 'test_fnr': 0.5909, 'test_f1': 0.4235, 'achieved_epsilon': None}, {'round': 14, 'mean_train_loss': 0.2291, 'test_auprc': 0.4283, 'test_auroc': 0.8173, 'test_fnr': 0.5909, 'test_f1': 0.4138, 'achieved_epsilon': None}, {'round': 15, 'mean_train_loss': 0.2257, 'test_auprc': 0.4534, 'test_auroc': 0.823, 'test_fnr': 0.6591, 'test_f1': 0.3896, 'achieved_epsilon': None}, {'round': 16, 'mean_train_loss': 0.2171, 'test_auprc': 0.3776, 'test_auroc': 0.8178, 'test_fnr': 0.5227, 'test_f1': 0.3853, 'achieved_epsilon': None}, {'round': 17, 'mean_train_loss': 0.1701, 'test_auprc': 0.459, 'test_auroc': 0.8448, 'test_fnr': 0.5227, 'test_f1': 0.4773, 'achieved_epsilon': None}, {'round': 18, 'mean_train_loss': 0.1633, 'test_auprc': 0.4544, 'test_auroc': 0.8351, 'test_fnr': 0.5227, 'test_f1': 0.4565, 'achieved_epsilon': None}, {'round': 19, 'mean_train_loss': 0.1732, 'test_auprc': 0.3918, 'test_auroc': 0.8234, 'test_fnr': 0.4091, 'test_f1': 0.4643, 'achieved_epsilon': None}, {'round': 20, 'mean_train_loss': 0.2003, 'test_auprc': 0.3984, 'test_auroc': 0.8237, 'test_fnr': 0.4318, 'test_f1': 0.495, 'achieved_epsilon': None}]"
CNN1D_eps_8.0_seed_42,CNN1D,8.0,6.9821,42,0.5775,0.8736,0.9545,0.087,1.0,0.0455,29.13,2fea8fe1c9e9378684676c3ea46619d1c77403e8a7a4ead2754323d69c0f2242,"[{'round': 1, 'mean_train_loss': 1.4016, 'test_auprc': 0.1919, 'test_auroc': 0.6464, 'test_fnr': 1.0, 'test_f1': 0.0, 'achieved_epsilon': np.float64(1.4002)}, {'round': 2, 'mean_train_loss': 1.8212, 'test_auprc': 0.2037, 'test_auroc': 0.6596, 'test_fnr': 1.0, 'test_f1': 0.0, 'achieved_epsilon': np.float64(1.9637)}, {'round': 3, 'mean_train_loss': 1.7838, 'test_auprc': 0.2796, 'test_auroc': 0.7146, 'test_fnr': 1.0, 'test_f1': 0.0, 'achieved_epsilon': np.float64(2.4308)}, {'round': 4, 'mean_train_loss': 1.7792, 'test_auprc': 0.2525, 'test_auroc': 0.7347, 'test_fnr': 1.0, 'test_f1': 0.0, 'achieved_epsilon': np.float64(2.8351)}, {'round': 5, 'mean_train_loss': 1.868, 'test_auprc': 0.2614, 'test_auroc': 0.7517, 'test_fnr': 1.0, 'test_f1': 0.0, 'achieved_epsilon': np.float64(3.199)}, {'round': 6, 'mean_train_loss': 1.9496, 'test_auprc': 0.2741, 'test_auroc': 0.7663, 'test_fnr': 1.0, 'test_f1': 0.0, 'achieved_epsilon': np.float64(3.5341)}, {'round': 7, 'mean_train_loss': 1.8306, 'test_auprc': 0.2941, 'test_auroc': 0.7833, 'test_fnr': 1.0, 'test_f1': 0.0, 'achieved_epsilon': np.float64(3.8472)}, {'round': 8, 'mean_train_loss': 1.8769, 'test_auprc': 0.2938, 'test_auroc': 0.7869, 'test_fnr': 1.0, 'test_f1': 0.0, 'achieved_epsilon': np.float64(4.143)}, {'round': 9, 'mean_train_loss': 1.8773, 'test_auprc': 0.3211, 'test_auroc': 0.7934, 'test_fnr': 1.0, 'test_f1': 0.0, 'achieved_epsilon': np.float64(4.4244)}, {'round': 10, 'mean_train_loss': 1.8095, 'test_auprc': 0.3009, 'test_auroc': 0.7962, 'test_fnr': 1.0, 'test_f1': 0.0, 'achieved_epsilon': np.float64(4.6939)}, {'round': 11, 'mean_train_loss': 1.798, 'test_auprc': 0.4097, 'test_auroc': 0.8327, 'test_fnr': 1.0, 'test_f1': 0.0, 'achieved_epsilon': np.float64(4.9531)}, {'round': 12, 'mean_train_loss': 1.9017, 'test_auprc': 0.4678, 'test_auroc': 0.836, 'test_fnr': 1.0, 'test_f1': 0.0, 'achieved_epsilon': np.float64(5.2034)}, {'round': 13, 'mean_train_loss': 1.8921, 'test_auprc': 0.4295, 'test_auroc': 0.8333, 'test_fnr': 1.0, 'test_f1': 0.0, 'achieved_epsilon': np.float64(5.4459)}, {'round': 14, 'mean_train_loss': 1.8601, 'test_auprc': 0.5139, 'test_auroc': 0.8488, 'test_fnr': 1.0, 'test_f1': 0.0, 'achieved_epsilon': np.float64(5.6814)}, {'round': 15, 'mean_train_loss': 1.8589, 'test_auprc': 0.5502, 'test_auroc': 0.863, 'test_fnr': 1.0, 'test_f1': 0.0, 'achieved_epsilon': np.float64(5.9107)}, {'round': 16, 'mean_train_loss': 1.8268, 'test_auprc': 0.5676, 'test_auroc': 0.8702, 'test_fnr': 1.0, 'test_f1': 0.0, 'achieved_epsilon': np.float64(6.1344)}, {'round': 17, 'mean_train_loss': 1.7867, 'test_auprc': 0.551, 'test_auroc': 0.868, 'test_fnr': 1.0, 'test_f1': 0.0, 'achieved_epsilon': np.float64(6.353)}, {'round': 18, 'mean_train_loss': 1.7121, 'test_auprc': 0.5711, 'test_auroc': 0.8691, 'test_fnr': 1.0, 'test_f1': 0.0, 'achieved_epsilon': np.float64(6.5669)}, {'round': 19, 'mean_train_loss': 1.7621, 'test_auprc': 0.5862, 'test_auroc': 0.8744, 'test_fnr': 1.0, 'test_f1': 0.0, 'achieved_epsilon': np.float64(6.7765)}, {'round': 20, 'mean_train_loss': 1.8642, 'test_auprc': 0.5775, 'test_auroc': 0.8736, 'test_fnr': 0.9545, 'test_f1': 0.087, 'achieved_epsilon': np.float64(6.9821)}]"
CNN1D_eps_4.0_seed_42,CNN1D,4.0,3.4866,42,0.4362,0.8183,1.0,0.0,0.0,0.0,28.68,2fea8fe1c9e9378684676c3ea46619d1c77403e8a7a4ead2754323d69c0f2242,"[{'round': 1, 'mean_train_loss': 1.2905, 'test_auprc': 0.1883, 'test_auroc': 0.6382, 'test_fnr': 1.0, 'test_f1': 0.0, 'achieved_epsilon': np.float64(0.6967)}, {'round': 2, 'mean_train_loss': 1.7295, 'test_auprc': 0.1936, 'test_auroc': 0.6443, 'test_fnr': 1.0, 'test_f1': 0.0, 'achieved_epsilon': np.float64(0.9986)}, {'round': 3, 'mean_train_loss': 1.7602, 'test_auprc': 0.2341, 'test_auroc': 0.6959, 'test_fnr': 1.0, 'test_f1': 0.0, 'achieved_epsilon': np.float64(1.237)}, {'round': 4, 'mean_train_loss': 1.7875, 'test_auprc': 0.2313, 'test_auroc': 0.7065, 'test_fnr': 1.0, 'test_f1': 0.0, 'achieved_epsilon': np.float64(1.4421)}, {'round': 5, 'mean_train_loss': 1.8992, 'test_auprc': 0.2315, 'test_auroc': 0.7156, 'test_fnr': 1.0, 'test_f1': 0.0, 'achieved_epsilon': np.float64(1.6257)}, {'round': 6, 'mean_train_loss': 1.9849, 'test_auprc': 0.2336, 'test_auroc': 0.719, 'test_fnr': 1.0, 'test_f1': 0.0, 'achieved_epsilon': np.float64(1.794)}, {'round': 7, 'mean_train_loss': 1.8705, 'test_auprc': 0.2542, 'test_auroc': 0.7365, 'test_fnr': 1.0, 'test_f1': 0.0, 'achieved_epsilon': np.float64(1.9506)}, {'round': 8, 'mean_train_loss': 1.9025, 'test_auprc': 0.244, 'test_auroc': 0.7303, 'test_fnr': 1.0, 'test_f1': 0.0, 'achieved_epsilon': np.float64(2.0979)}, {'round': 9, 'mean_train_loss': 1.8793, 'test_auprc': 0.2335, 'test_auroc': 0.7178, 'test_fnr': 1.0, 'test_f1': 0.0, 'achieved_epsilon': np.float64(2.2376)}, {'round': 10, 'mean_train_loss': 1.8199, 'test_auprc': 0.2325, 'test_auroc': 0.7224, 'test_fnr': 1.0, 'test_f1': 0.0, 'achieved_epsilon': np.float64(2.3709)}, {'round': 11, 'mean_train_loss': 1.8133, 'test_auprc': 0.267, 'test_auroc': 0.7559, 'test_fnr': 1.0, 'test_f1': 0.0, 'achieved_epsilon': np.float64(2.4988)}, {'round': 12, 'mean_train_loss': 1.919, 'test_auprc': 0.2655, 'test_auroc': 0.7562, 'test_fnr': 1.0, 'test_f1': 0.0, 'achieved_epsilon': np.float64(2.6218)}, {'round': 13, 'mean_train_loss': 1.9317, 'test_auprc': 0.2492, 'test_auroc': 0.7399, 'test_fnr': 1.0, 'test_f1': 0.0, 'achieved_epsilon': np.float64(2.7407)}, {'round': 14, 'mean_train_loss': 1.9186, 'test_auprc': 0.2528, 'test_auroc': 0.7399, 'test_fnr': 1.0, 'test_f1': 0.0, 'achieved_epsilon': np.float64(2.8559)}, {'round': 15, 'mean_train_loss': 1.9244, 'test_auprc': 0.3566, 'test_auroc': 0.7698, 'test_fnr': 1.0, 'test_f1': 0.0, 'achieved_epsilon': np.float64(2.9677)}, {'round': 16, 'mean_train_loss': 1.926, 'test_auprc': 0.4242, 'test_auroc': 0.8123, 'test_fnr': 1.0, 'test_f1': 0.0, 'achieved_epsilon': np.float64(3.0765)}, {'round': 17, 'mean_train_loss': 1.8612, 'test_auprc': 0.3773, 'test_auroc': 0.7858, 'test_fnr': 1.0, 'test_f1': 0.0, 'achieved_epsilon': np.float64(3.1826)}, {'round': 18, 'mean_train_loss': 1.7749, 'test_auprc': 0.4049, 'test_auroc': 0.7981, 'test_fnr': 1.0, 'test_f1': 0.0, 'achieved_epsilon': np.float64(3.2862)}, {'round': 19, 'mean_train_loss': 1.8587, 'test_auprc': 0.4274, 'test_auroc': 0.8092, 'test_fnr': 1.0, 'test_f1': 0.0, 'achieved_epsilon': np.float64(3.3875)}, {'round': 20, 'mean_train_loss': 1.9931, 'test_auprc': 0.4362, 'test_auroc': 0.8183, 'test_fnr': 1.0, 'test_f1': 0.0, 'achieved_epsilon': np.float64(3.4866)}]"
CNN1D_eps_2.0_seed_42,CNN1D,2.0,1.7444,42,0.2946,0.6958,1.0,0.0,0.0,0.0,31.25,2fea8fe1c9e9378684676c3ea46619d1c77403e8a7a4ead2754323d69c0f2242,"[{'round': 1, 'mean_train_loss': 1.149, 'test_auprc': 0.166, 'test_auroc': 0.5984, 'test_fnr': 1.0, 'test_f1': 0.0, 'achieved_epsilon': np.float64(0.3533)}, {'round': 2, 'mean_train_loss': 1.5544, 'test_auprc': 0.1822, 'test_auroc': 0.6279, 'test_fnr': 1.0, 'test_f1': 0.0, 'achieved_epsilon': np.float64(0.5068)}, {'round': 3, 'mean_train_loss': 1.6619, 'test_auprc': 0.214, 'test_auroc': 0.6808, 'test_fnr': 1.0, 'test_f1': 0.0, 'achieved_epsilon': np.float64(0.6275)}, {'round': 4, 'mean_train_loss': 1.7334, 'test_auprc': 0.214, 'test_auroc': 0.6865, 'test_fnr': 1.0, 'test_f1': 0.0, 'achieved_epsilon': np.float64(0.731)}, {'round': 5, 'mean_train_loss': 1.8817, 'test_auprc': 0.2045, 'test_auroc': 0.6793, 'test_fnr': 1.0, 'test_f1': 0.0, 'achieved_epsilon': np.float64(0.8234)}, {'round': 6, 'mean_train_loss': 1.9897, 'test_auprc': 0.2019, 'test_auroc': 0.6737, 'test_fnr': 1.0, 'test_f1': 0.0, 'achieved_epsilon': np.float64(0.9078)}, {'round': 7, 'mean_train_loss': 1.8951, 'test_auprc': 0.2044, 'test_auroc': 0.678, 'test_fnr': 1.0, 'test_f1': 0.0, 'achieved_epsilon': np.float64(0.9861)}, {'round': 8, 'mean_train_loss': 1.923, 'test_auprc': 0.1869, 'test_auroc': 0.6517, 'test_fnr': 1.0, 'test_f1': 0.0, 'achieved_epsilon': np.float64(1.0597)}, {'round': 9, 'mean_train_loss': 1.8736, 'test_auprc': 0.1704, 'test_auroc': 0.6175, 'test_fnr': 1.0, 'test_f1': 0.0, 'achieved_epsilon': np.float64(1.1292)}, {'round': 10, 'mean_train_loss': 1.8198, 'test_auprc': 0.1712, 'test_auroc': 0.6191, 'test_fnr': 1.0, 'test_f1': 0.0, 'achieved_epsilon': np.float64(1.1954)}, {'round': 11, 'mean_train_loss': 1.8187, 'test_auprc': 0.1904, 'test_auroc': 0.6571, 'test_fnr': 1.0, 'test_f1': 0.0, 'achieved_epsilon': np.float64(1.2588)}, {'round': 12, 'mean_train_loss': 1.9199, 'test_auprc': 0.191, 'test_auroc': 0.6563, 'test_fnr': 1.0, 'test_f1': 0.0, 'achieved_epsilon': np.float64(1.3197)}, {'round': 13, 'mean_train_loss': 1.9396, 'test_auprc': 0.1737, 'test_auroc': 0.6231, 'test_fnr': 1.0, 'test_f1': 0.0, 'achieved_epsilon': np.float64(1.3784)}, {'round': 14, 'mean_train_loss': 1.9395, 'test_auprc': 0.169, 'test_auroc': 0.6131, 'test_fnr': 1.0, 'test_f1': 0.0, 'achieved_epsilon': np.float64(1.4351)}, {'round': 15, 'mean_train_loss': 1.9619, 'test_auprc': 0.2177, 'test_auroc': 0.6502, 'test_fnr': 1.0, 'test_f1': 0.0, 'achieved_epsilon': np.float64(1.4902)}, {'round': 16, 'mean_train_loss': 1.9837, 'test_auprc': 0.2362, 'test_auroc': 0.6924, 'test_fnr': 1.0, 'test_f1': 0.0, 'achieved_epsilon': np.float64(1.5436)}, {'round': 17, 'mean_train_loss': 1.9035, 'test_auprc': 0.2108, 'test_auroc': 0.665, 'test_fnr': 1.0, 'test_f1': 0.0, 'achieved_epsilon': np.float64(1.5957)}, {'round': 18, 'mean_train_loss': 1.7846, 'test_auprc': 0.2738, 'test_auroc': 0.6933, 'test_fnr': 1.0, 'test_f1': 0.0, 'achieved_epsilon': np.float64(1.6464)}, {'round': 19, 'mean_train_loss': 1.8735, 'test_auprc': 0.2878, 'test_auroc': 0.6969, 'test_fnr': 1.0, 'test_f1': 0.0, 'achieved_epsilon': np.float64(1.696)}, {'round': 20, 'mean_train_loss': 2.0244, 'test_auprc': 0.2946, 'test_auroc': 0.6958, 'test_fnr': 1.0, 'test_f1': 0.0, 'achieved_epsilon': np.float64(1.7444)}]"
CNN1D_eps_1.0_seed_42,CNN1D,1.0,0.8738,42,0.1536,0.5649,1.0,0.0,0.0,0.0,32.82,2fea8fe1c9e9378684676c3ea46619d1c77403e8a7a4ead2754323d69c0f2242,"[{'round': 1, 'mean_train_loss': 1.0309, 'test_auprc': 0.1514, 'test_auroc': 0.563, 'test_fnr': 0.0909, 'test_f1': 0.3306, 'achieved_epsilon': np.float64(0.1805)}, {'round': 2, 'mean_train_loss': 1.2942, 'test_auprc': 0.1683, 'test_auroc': 0.604, 'test_fnr': 1.0, 'test_f1': 0.0, 'achieved_epsilon': np.float64(0.2578)}, {'round': 3, 'mean_train_loss': 1.456, 'test_auprc': 0.1996, 'test_auroc': 0.663, 'test_fnr': 1.0, 'test_f1': 0.0, 'achieved_epsilon': np.float64(0.3185)}, {'round': 4, 'mean_train_loss': 1.5782, 'test_auprc': 0.2002, 'test_auroc': 0.6685, 'test_fnr': 1.0, 'test_f1': 0.0, 'achieved_epsilon': np.float64(0.3704)}, {'round': 5, 'mean_train_loss': 1.7608, 'test_auprc': 0.1838, 'test_auroc': 0.6455, 'test_fnr': 1.0, 'test_f1': 0.0, 'achieved_epsilon': np.float64(0.4166)}, {'round': 6, 'mean_train_loss': 1.9003, 'test_auprc': 0.1794, 'test_auroc': 0.6356, 'test_fnr': 1.0, 'test_f1': 0.0, 'achieved_epsilon': np.float64(0.4588)}, {'round': 7, 'mean_train_loss': 1.8416, 'test_auprc': 0.185, 'test_auroc': 0.6443, 'test_fnr': 1.0, 'test_f1': 0.0, 'achieved_epsilon': np.float64(0.498)}, {'round': 8, 'mean_train_loss': 1.8828, 'test_auprc': 0.1616, 'test_auroc': 0.5945, 'test_fnr': 1.0, 'test_f1': 0.0, 'achieved_epsilon': np.float64(0.5346)}, {'round': 9, 'mean_train_loss': 1.8297, 'test_auprc': 0.1509, 'test_auroc': 0.563, 'test_fnr': 1.0, 'test_f1': 0.0, 'achieved_epsilon': np.float64(0.5692)}, {'round': 10, 'mean_train_loss': 1.7854, 'test_auprc': 0.1497, 'test_auroc': 0.558, 'test_fnr': 1.0, 'test_f1': 0.0, 'achieved_epsilon': np.float64(0.6022)}, {'round': 11, 'mean_train_loss': 1.7925, 'test_auprc': 0.1597, 'test_auroc': 0.5878, 'test_fnr': 1.0, 'test_f1': 0.0, 'achieved_epsilon': np.float64(0.6337)}, {'round': 12, 'mean_train_loss': 1.8935, 'test_auprc': 0.157, 'test_auroc': 0.5814, 'test_fnr': 1.0, 'test_f1': 0.0, 'achieved_epsilon': np.float64(0.6639)}, {'round': 13, 'mean_train_loss': 1.9175, 'test_auprc': 0.145, 'test_auroc': 0.5433, 'test_fnr': 1.0, 'test_f1': 0.0, 'achieved_epsilon': np.float64(0.693)}, {'round': 14, 'mean_train_loss': 1.9271, 'test_auprc': 0.1412, 'test_auroc': 0.5288, 'test_fnr': 1.0, 'test_f1': 0.0, 'achieved_epsilon': np.float64(0.7211)}, {'round': 15, 'mean_train_loss': 1.9621, 'test_auprc': 0.1519, 'test_auroc': 0.5584, 'test_fnr': 1.0, 'test_f1': 0.0, 'achieved_epsilon': np.float64(0.7483)}, {'round': 16, 'mean_train_loss': 2.0013, 'test_auprc': 0.1646, 'test_auroc': 0.5927, 'test_fnr': 1.0, 'test_f1': 0.0, 'achieved_epsilon': np.float64(0.7748)}, {'round': 17, 'mean_train_loss': 1.9315, 'test_auprc': 0.1549, 'test_auroc': 0.57, 'test_fnr': 1.0, 'test_f1': 0.0, 'achieved_epsilon': np.float64(0.8005)}, {'round': 18, 'mean_train_loss': 1.7881, 'test_auprc': 0.1835, 'test_auroc': 0.6025, 'test_fnr': 1.0, 'test_f1': 0.0, 'achieved_epsilon': np.float64(0.8255)}, {'round': 19, 'mean_train_loss': 1.8738, 'test_auprc': 0.1615, 'test_auroc': 0.5831, 'test_fnr': 1.0, 'test_f1': 0.0, 'achieved_epsilon': np.float64(0.8499)}, {'round': 20, 'mean_train_loss': 2.0238, 'test_auprc': 0.1536, 'test_auroc': 0.5649, 'test_fnr': 1.0, 'test_f1': 0.0, 'achieved_epsilon': np.float64(0.8738)}]"
CNN1D_eps_0.5_seed_42,CNN1D,0.5,0.4328,42,0.1313,0.4899,1.0,0.0,0.0,0.0,35.08,2fea8fe1c9e9378684676c3ea46619d1c77403e8a7a4ead2754323d69c0f2242,"[{'round': 1, 'mean_train_loss': 0.9703, 'test_auprc': 0.1464, 'test_auroc': 0.5439, 'test_fnr': 0.0909, 'test_f1': 0.32, 'achieved_epsilon': np.float64(0.0929)}, {'round': 2, 'mean_train_loss': 1.0798, 'test_auprc': 0.1549, 'test_auroc': 0.5755, 'test_fnr': 0.2273, 'test_f1': 0.3148, 'achieved_epsilon': np.float64(0.131)}, {'round': 3, 'mean_train_loss': 1.1798, 'test_auprc': 0.1829, 'test_auroc': 0.637, 'test_fnr': 1.0, 'test_f1': 0.0, 'achieved_epsilon': np.float64(0.1608)}, {'round': 4, 'mean_train_loss': 1.3233, 'test_auprc': 0.1846, 'test_auroc': 0.6435, 'test_fnr': 1.0, 'test_f1': 0.0, 'achieved_epsilon': np.float64(0.1863)}, {'round': 5, 'mean_train_loss': 1.5218, 'test_auprc': 0.1726, 'test_auroc': 0.6216, 'test_fnr': 1.0, 'test_f1': 0.0, 'achieved_epsilon': np.float64(0.2091)}, {'round': 6, 'mean_train_loss': 1.6916, 'test_auprc': 0.1676, 'test_auroc': 0.6104, 'test_fnr': 1.0, 'test_f1': 0.0, 'achieved_epsilon': np.float64(0.2298)}, {'round': 7, 'mean_train_loss': 1.6728, 'test_auprc': 0.1682, 'test_auroc': 0.6121, 'test_fnr': 1.0, 'test_f1': 0.0, 'achieved_epsilon': np.float64(0.249)}, {'round': 8, 'mean_train_loss': 1.7308, 'test_auprc': 0.1508, 'test_auroc': 0.5638, 'test_fnr': 1.0, 'test_f1': 0.0, 'achieved_epsilon': np.float64(0.267)}, {'round': 9, 'mean_train_loss': 1.6988, 'test_auprc': 0.144, 'test_auroc': 0.5393, 'test_fnr': 1.0, 'test_f1': 0.0, 'achieved_epsilon': np.float64(0.284)}, {'round': 10, 'mean_train_loss': 1.672, 'test_auprc': 0.1409, 'test_auroc': 0.5273, 'test_fnr': 1.0, 'test_f1': 0.0, 'achieved_epsilon': np.float64(0.3001)}, {'round': 11, 'mean_train_loss': 1.694, 'test_auprc': 0.1479, 'test_auroc': 0.5533, 'test_fnr': 1.0, 'test_f1': 0.0, 'achieved_epsilon': np.float64(0.3155)}, {'round': 12, 'mean_train_loss': 1.8004, 'test_auprc': 0.1452, 'test_auroc': 0.5432, 'test_fnr': 1.0, 'test_f1': 0.0, 'achieved_epsilon': np.float64(0.3303)}, {'round': 13, 'mean_train_loss': 1.8314, 'test_auprc': 0.1338, 'test_auroc': 0.4984, 'test_fnr': 1.0, 'test_f1': 0.0, 'achieved_epsilon': np.float64(0.3446)}, {'round': 14, 'mean_train_loss': 1.8528, 'test_auprc': 0.1309, 'test_auroc': 0.4861, 'test_fnr': 1.0, 'test_f1': 0.0, 'achieved_epsilon': np.float64(0.3583)}, {'round': 15, 'mean_train_loss': 1.8964, 'test_auprc': 0.1376, 'test_auroc': 0.512, 'test_fnr': 1.0, 'test_f1': 0.0, 'achieved_epsilon': np.float64(0.3716)}, {'round': 16, 'mean_train_loss': 1.9485, 'test_auprc': 0.1442, 'test_auroc': 0.5385, 'test_fnr': 1.0, 'test_f1': 0.0, 'achieved_epsilon': np.float64(0.3845)}, {'round': 17, 'mean_train_loss': 1.8989, 'test_auprc': 0.1394, 'test_auroc': 0.5209, 'test_fnr': 1.0, 'test_f1': 0.0, 'achieved_epsilon': np.float64(0.3971)}, {'round': 18, 'mean_train_loss': 1.7549, 'test_auprc': 0.1516, 'test_auroc': 0.5478, 'test_fnr': 1.0, 'test_f1': 0.0, 'achieved_epsilon': np.float64(0.4093)}, {'round': 19, 'mean_train_loss': 1.8414, 'test_auprc': 0.1363, 'test_auroc': 0.5077, 'test_fnr': 1.0, 'test_f1': 0.0, 'achieved_epsilon': np.float64(0.4212)}, {'round': 20, 'mean_train_loss': 1.9879, 'test_auprc': 0.1313, 'test_auroc': 0.4899, 'test_fnr': 1.0, 'test_f1': 0.0, 'achieved_epsilon': np.float64(0.4328)}]"
